{"cameraMode":{"drawMode":0,"name":"Shaded","section":"Shading Mode"},"sceneLighting":true,"audioPlay":false,"sceneViewState":{"m_AlwaysRefresh":false,"showFog":true,"showSkybox":true,"showFlares":true,"showImageEffects":true,"showParticleSystems":true,"showVisualEffectGraphs":true,"m_FxEnabled":true},"in2DMode":false,"pivot":{"x":4.253059387207031,"y":-0.9367427825927734,"z":10.431252479553223},"rotation":{"x":0.15354306995868684,"y":-0.41162624955177309,"z":0.07061230391263962,"w":0.8956000804901123},"size":20.376096725463868,"orthographic":true}