{"cameraMode":{"drawMode":0,"name":"Shaded","section":"Shading Mode"},"sceneLighting":false,"audioPlay":false,"sceneViewState":{"m_AlwaysRefresh":false,"showFog":true,"showSkybox":false,"showFlares":true,"showImageEffects":true,"showParticleSystems":true,"showVisualEffectGraphs":true,"m_FxEnabled":true},"in2DMode":false,"pivot":{"x":-0.12699997425079347,"y":0.10630899667739868,"z":-0.16600000858306886},"rotation":{"x":-0.20729993283748628,"y":0.002358128549531102,"z":-0.0005070522893220186,"w":-0.978302538394928},"size":1.582685947418213,"orthographic":false}