{"cameraMode":{"drawMode":0,"name":"Shaded","section":"Shading Mode"},"sceneLighting":false,"audioPlay":false,"sceneViewState":{"m_AlwaysRefresh":false,"showFog":true,"showSkybox":true,"showFlares":true,"showImageEffects":true,"showParticleSystems":true,"showVisualEffectGraphs":true,"m_FxEnabled":true},"in2DMode":false,"pivot":{"x":-5.736225605010986,"y":5.726226806640625,"z":-0.9601631164550781},"rotation":{"x":0.18187305331230164,"y":-0.03391757979989052,"z":0.006276597268879414,"w":0.9827241897583008},"size":26.98064422607422,"orthographic":false}